<?xml version="1.0" encoding="utf-8"?>
<!DOCTYPE install PUBLIC "-//Joomla! 1.5//DTD template 1.0//EN" "http://dev.joomla.org/xml/1.5/template-install.dtd">
<install version="1.5" type="template">
	<name>TEMPLATENAME</name>
	<creationDate>2009</creationDate>
	<author>Alexander K. J. Schmidt</author>
	<authorEmail>alexander.schmidt@edvas.de.de</authorEmail>
	<authorUrl>http://www.edvas.de</authorUrl>
	<copyright></copyright>
	<license>GNU/GPL</license>
	<version>1.0</version>
	<description>TEMPLATENAME DESCRIPTION</description>
	<files>
		<filename>css/editor.css</filename>
		<filename>css/ieonly.css</filename>
		<filename>css/index.html</filename>
		<filename>css/template.css</filename>
		<filename>error.php</filename>
		<filename>favicon.ico</filename>
		<filename>html/com_contact/category/default_items.php</filename>
		<filename>html/com_contact/category/default.php</filename>
		<filename>html/com_contact/category/index.html</filename>
		<filename>html/com_contact/contact/default_address.php</filename>
		<filename>html/com_contact/contact/default_form.php</filename>
		<filename>html/com_contact/contact/default.php</filename>
		<filename>html/com_contact/contact/index.html</filename>
		<filename>html/com_content/article/default.php</filename>
		<filename>html/com_content/article/form.php</filename>
		<filename>html/com_content/article/index.html</filename>
		<filename>html/com_content/category/blog_item.php</filename>
		<filename>html/com_content/category/blog_links.php</filename>
		<filename>html/com_content/category/blog.php</filename>
		<filename>html/com_content/category/default_items.php</filename>
		<filename>html/com_content/category/default.php</filename>
		<filename>html/com_content/category/index.html</filename>
		<filename>html/com_content/frontpage/default_item.php</filename>
		<filename>html/com_content/frontpage/default_links.php</filename>
		<filename>html/com_content/frontpage/default.php</filename>
		<filename>html/com_content/frontpage/index.html</filename>
		<filename>html/com_content/index.html</filename>
		<filename>html/com_content/section/blog_item.php</filename>
		<filename>html/com_content/section/blog_links.php</filename>
		<filename>html/com_content/section/blog.php</filename>
		<filename>html/com_content/section/default.php</filename>
		<filename>html/com_content/section/index.html</filename>
		<filename>html/com_newsfeeds/categories/default.php</filename>
		<filename>html/com_newsfeeds/categories/index.html</filename>
		<filename>html/com_newsfeeds/category/default_items.php</filename>
		<filename>html/com_newsfeeds/category/default.php</filename>
		<filename>html/com_newsfeeds/category/index.html</filename>
		<filename>html/com_newsfeeds/index.html</filename>
		<filename>html/com_newsfeeds/newsfeed/default.php</filename>
		<filename>html/com_newsfeeds/newsfeed/index.html</filename>
		<filename>html/com_poll/index.html</filename>
		<filename>html/com_poll/poll/default_graph.php</filename>
		<filename>html/com_poll/poll/default.php</filename>
		<filename>html/com_poll/poll/index.html</filename>
		<filename>html/com_search/index.html</filename>
		<filename>html/com_search/search/default_error.php</filename>
		<filename>html/com_search/search/default_form.php</filename>
		<filename>html/com_search/search/default_results.php</filename>
		<filename>html/com_search/search/default.php</filename>
		<filename>html/com_search/search/index.html</filename>
		<filename>html/com_user/index.html</filename>
		<filename>html/com_user/login/default_login.php</filename>
		<filename>html/com_user/login/default_logout.php</filename>
		<filename>html/com_user/login/default.php</filename>
		<filename>html/com_user/login/index.html</filename>
		<filename>html/com_user/register/default_message.php</filename>
		<filename>html/com_user/register/default.php</filename>
		<filename>html/com_user/register/index.html</filename>
		<filename>html/com_user/remind/default.php</filename>
		<filename>html/com_user/remind/index.html</filename>
		<filename>html/com_user/reset/complete.php</filename>
		<filename>html/com_user/reset/confirm.php</filename>
		<filename>html/com_user/reset/default.php</filename>
		<filename>html/com_user/reset/index.html</filename>
		<filename>html/com_user/user/default.php</filename>
		<filename>html/com_user/user/form.php</filename>
		<filename>html/com_user/user/index.html</filename>
		<filename>html/com_weblinks/categories/default.php</filename>
		<filename>html/com_weblinks/categories/index.html</filename>
		<filename>html/com_weblinks/category/default_items.php</filename>
		<filename>html/com_weblinks/category/default.php</filename>
		<filename>html/com_weblinks/category/index.html</filename>
		<filename>html/com_weblinks/index.html</filename>
		<filename>html/com_weblinks/weblink/form.php</filename>
		<filename>html/com_weblinks/weblink/index.html</filename>
		<filename>html/index.html</filename>
		<filename>html/mod_breadcrumbs/default.php</filename>
		<filename>html/mod_breadcrumbs/index.html</filename>
		<filename>html/mod_login/default.php</filename>
		<filename>html/mod_login/index.html</filename>
		<filename>html/mod_newsflash/_item.php</filename>
		<filename>html/mod_newsflash/default.php</filename>
		<filename>html/mod_newsflash/horiz.php</filename>
		<filename>html/mod_newsflash/index.html</filename>
		<filename>html/mod_newsflash/vert.php</filename>
		<filename>html/modules.php</filename>
		<filename>html/pagination.php</filename>
		<filename>images/arrow.png</filename>
		<filename>images/emailButton.png</filename>
		<filename>images/index.html</filename>
		<filename>images/pdf_button.png</filename>
		<filename>images/printButton.png</filename>
		<filename>images/spacer.png</filename>
		<filename>images/transparent.gif</filename>
		<filename>index.html</filename>
		<filename>index.php</filename>
		<filename>js/iepngfix.htc</filename>
		<filename>js/index.html</filename>
		<filename>js/menu.js</filename>
		<filename>js/slideshow.js</filename>
		<filename>offline.php</filename>
		<filename>params.ini</filename>
		<filename>template_thumbnail.png</filename>
		<filename>templateDetails.xml</filename>
	</files>
	<languages>
		<language tag="de-DE">de-DE.tpl_TEMPLATENAME.ini</language>
	</languages>
	<administration>
		<languages folder="admin">
			<language tag="de-DE">de-DE.tpl_TEMPLATENAME.ini</language>
		</languages>
	</administration>
	<positions>
		<position>debug</position>
	</positions>
	<params>
	</params>
</install>
